id;cc_demand
1;199.5503445
2;33.76140717
3;23.17913458
4;23.17913458
5;79.61792174
6;93.72761853
7;912.0900324
8;1698.705629
9;2192.545016
10;3473
11;3444.780606
12;3250.772276
13;3360.122426
14;3134.367277
15;2707.548949
16;2234.874107
17;2005.591534
18;1716.34275
19;1758.67184
20;1790.418658
21;1233.085634
22;859.1786694
23;509.9636739
24;291.2633736
